{
    "AnimationClip": {
        "0": {
            "Border": [
                0.0,
                0.0
            ],
            "Color": [
                255,
                255,
                255,
                255
            ],
            "Rect": [
                7,
                533,
                26,
                26
            ]
        },
        "1": {
            "Border": [
                0.0,
                0.0
            ],
            "Color": [
                255,
                255,
                255,
                255
            ],
            "Rect": [
                35,
                532,
                31,
                25
            ]
        },
        "10": {
            "Border": [
                3.799999952316284,
                -1.0
            ],
            "Color": [
                255,
                255,
                255,
                255
            ],
            "Rect": [
                283,
                531,
                20,
                26
            ]
        },
        "11": {
            "Border": [
                4.0,
                1.0
            ],
            "Color": [
                255,
                255,
                255,
                255
            ],
            "Rect": [
                305,
                533,
                21,
                25
            ]
        },
        "2": {
            "Border": [
                0.0,
                0.0
            ],
            "Color": [
                255,
                255,
                255,
                255
            ],
            "Rect": [
                68,
                532,
                35,
                26
            ]
        },
        "3": {
            "Border": [
                1.7999999523162842,
                0.0
            ],
            "Color": [
                255,
                255,
                255,
                255
            ],
            "Rect": [
                100,
                532,
                24,
                24
            ]
        },
        "4": {
            "Border": [
                4.0,
                0.0
            ],
            "Color": [
                255,
                255,
                255,
                255
            ],
            "Rect": [
                125,
                532,
                22,
                24
            ]
        },
        "5": {
            "Border": [
                3.700000047683716,
                1.0
            ],
            "Color": [
                255,
                255,
                255,
                255
            ],
            "Rect": [
                146,
                533,
                19,
                24
            ]
        },
        "6": {
            "Border": [
                4.0,
                1.0
            ],
            "Color": [
                255,
                255,
                255,
                255
            ],
            "Rect": [
                168,
                533,
                23,
                24
            ]
        },
        "7": {
            "Border": [
                0.0,
                0.0
            ],
            "Color": [
                255,
                255,
                255,
                255
            ],
            "Rect": [
                192,
                532,
                30,
                23
            ]
        },
        "8": {
            "Border": [
                0.0,
                0.0
            ],
            "Color": [
                255,
                255,
                255,
                255
            ],
            "Rect": [
                224,
                532,
                34,
                26
            ]
        },
        "9": {
            "Border": [
                1.0,
                0.0
            ],
            "Color": [
                255,
                255,
                255,
                255
            ],
            "Rect": [
                258,
                532,
                25,
                25
            ]
        },
        "ClipName": "None",
        "FrameCount": 12,
        "LoopType": "Loop",
        "TexturePath": "graphics\\players\\marco_pistol.png",
        "Transform": {
            "Translate": [
                -6.0,
                -4.0
            ],
            "Rotation": 0.0,
            "Scale": [
                1.0, 1.0
            ]
        }
    }
}
